rounds,optimized,constraints,z3_time
18,True,7039,0.153923579
18,False,3522,0.726664145
19,True,7135,0.280246652
19,False,3715,0.787042271
20,True,7231,0.393670474
20,False,3908,0.88123952
21,True,7327,0.584383269
21,False,4133,0.891396389
22,True,7423,0.605291844
22,False,4358,1.02973361
