rounds,optimized,constraints,z3_time
18,True,7039,0.133122008
18,False,254187,0.691232885
19,True,7135,0.290806383
19,False,254380,0.73644911
20,True,7231,0.418695118
20,False,254573,0.915018076
21,True,7327,0.499173683
21,False,254798,0.897743444
22,True,7423,0.659036463
22,False,255023,1.13730625
