benchmark,constraints_circify,constraints_pequin,wall_time_circify,wall_time_pequin
sparse_matvec,5806,23466,1.4716992378234863,7.627969980239868
mm,27000,27001,577.9703688621521,17.44191288948059
rle_decode,4560,9847,1.0984406471252441,6.226981163024902
mergesort,10400,19781,3.3242533206939697,5.4477379322052
kmp_search,75650,163664,23.127487897872925,30.560702085494995
ptrchase,168,1993,0.10611295700073242,1.4317009449005127
boyer_moore,2016,5612,0.9099562168121338,2.0600368976593018
