benchmark,compiler,constraints,wall_time
sparse_matvec,pequin,23466,7.6279699802398682
mm,pequin,27001,17.441912889480591
kmp_search,pequin,163664,30.560702085494995
mergesort,pequin,19781,5.4477379322052002
rle_decode,pequin,9847,6.2269811630249023
ptrchase,pequin,1993,1.4317009449005127
boyer_moore,pequin,5612,2.0600368976593018
